CREATE DATABASE Northwind;
INSERT INTO Northwind.dbo.Carts (CartList) VALUES 
('{"_cartLines":[{"Product":{"Category":null,"ProductId":1,"ProductName":"non proident, sunt i","SupplierId":null,"CategoryId":5,"QuantityPerUnit":"est laborum.","UnitPrice":10.0000,"UnitsInStock":13552,"UnitsOnOrder":1,"ReorderLevel":1,"Discontinued":true},"Qunatity":2}],"CartId":0,"Total":20.0000,"Lines":[{"Product":{"Category":null,"ProductId":1,"ProductName":"non proident, sunt i","SupplierId":null,"CategoryId":5,"QuantityPerUnit":"est laborum.","UnitPrice":10.0000,"UnitsInStock":13552,"UnitsOnOrder":1,"ReorderLevel":1,"Discontinued":true},"Qunatity":2}]}')
,('{"_cartLines":[{"Product":{"Category":null,"ProductId":1,"ProductName":"non proident, sunt i","SupplierId":null,"CategoryId":7,"QuantityPerUnit":"est laborum.","UnitPrice":10.0000,"UnitsInStock":null,"UnitsOnOrder":null,"ReorderLevel":null,"Discontinued":false},"Qunatity":1}],"CartId":0,"Total":10.0000,"Lines":[{"Product":{"Category":null,"ProductId":1,"ProductName":"non proident, sunt i","SupplierId":null,"CategoryId":7,"QuantityPerUnit":"est laborum.","UnitPrice":10.0000,"UnitsInStock":null,"UnitsOnOrder":null,"ReorderLevel":null,"Discontinued":false},"Qunatity":1}]}')
,('{"_cartLines":[{"Product":{"Category":null,"ProductId":1,"ProductName":"non proident, sunt i","SupplierId":null,"CategoryId":7,"QuantityPerUnit":"est laborum.","UnitPrice":10.0000,"UnitsInStock":null,"UnitsOnOrder":null,"ReorderLevel":null,"Discontinued":false},"Qunatity":1},{"Product":{"Category":null,"ProductId":2,"ProductName":"aute irure dolor i","SupplierId":null,"CategoryId":11,"QuantityPerUnit":"officia deserunt ","UnitPrice":17.0000,"UnitsInStock":3766,"UnitsOnOrder":2,"ReorderLevel":2,"Discontinued":true},"Qunatity":1},{"Product":{"Category":null,"ProductId":4,"ProductName":"s","SupplierId":null,"CategoryId":10,"QuantityPerUnit":"velit","UnitPrice":31.0000,"UnitsInStock":28416,"UnitsOnOrder":4,"ReorderLevel":4,"Discontinued":true},"Qunatity":1}],"CartId":0,"Total":58.0000,"Lines":[{"Product":{"Category":null,"ProductId":1,"ProductName":"non proident, sunt i","SupplierId":null,"CategoryId":7,"QuantityPerUnit":"est laborum.","UnitPrice":10.0000,"UnitsInStock":null,"UnitsOnOrder":null,"ReorderLevel":null,"Discontinued":false},"Qunatity":1},{"Product":{"Category":null,"ProductId":2,"ProductName":"aute irure dolor i","SupplierId":null,"CategoryId":11,"QuantityPerUnit":"officia deserunt ","UnitPrice":17.0000,"UnitsInStock":3766,"UnitsOnOrder":2,"ReorderLevel":2,"Discontinued":true},"Qunatity":1},{"Product":{"Category":null,"ProductId":4,"ProductName":"s","SupplierId":null,"CategoryId":10,"QuantityPerUnit":"velit","UnitPrice":31.0000,"UnitsInStock":28416,"UnitsOnOrder":4,"ReorderLevel":4,"Discontinued":true},"Qunatity":1}]}')
,('{"_cartLines":[{"Product":{"Category":null,"ProductId":1,"ProductName":"non proident, sunt i","SupplierId":null,"CategoryId":7,"QuantityPerUnit":"est laborum.","UnitPrice":10.0000,"UnitsInStock":null,"UnitsOnOrder":null,"ReorderLevel":null,"Discontinued":false},"Qunatity":1}],"CartId":0,"Total":10.0000,"Lines":[{"Product":{"Category":null,"ProductId":1,"ProductName":"non proident, sunt i","SupplierId":null,"CategoryId":7,"QuantityPerUnit":"est laborum.","UnitPrice":10.0000,"UnitsInStock":null,"UnitsOnOrder":null,"ReorderLevel":null,"Discontinued":false},"Qunatity":1}]}')
,('{"_cartLines":[{"Product":{"Category":null,"ProductId":1,"ProductName":"non proident, sunt i","SupplierId":null,"CategoryId":7,"QuantityPerUnit":"est laborum.","UnitPrice":10.0000,"UnitsInStock":null,"UnitsOnOrder":null,"ReorderLevel":null,"Discontinued":false},"Qunatity":1},{"Product":{"Category":null,"ProductId":2,"ProductName":"aute irure dolor i","SupplierId":null,"CategoryId":11,"QuantityPerUnit":"officia deserunt ","UnitPrice":17.0000,"UnitsInStock":3766,"UnitsOnOrder":2,"ReorderLevel":2,"Discontinued":true},"Qunatity":1}],"CartId":0,"Total":27.0000,"Lines":[{"Product":{"Category":null,"ProductId":1,"ProductName":"non proident, sunt i","SupplierId":null,"CategoryId":7,"QuantityPerUnit":"est laborum.","UnitPrice":10.0000,"UnitsInStock":null,"UnitsOnOrder":null,"ReorderLevel":null,"Discontinued":false},"Qunatity":1},{"Product":{"Category":null,"ProductId":2,"ProductName":"aute irure dolor i","SupplierId":null,"CategoryId":11,"QuantityPerUnit":"officia deserunt ","UnitPrice":17.0000,"UnitsInStock":3766,"UnitsOnOrder":2,"ReorderLevel":2,"Discontinued":true},"Qunatity":1}]}')
,('{"_cartLines":[{"Product":{"Category":null,"ProductId":1,"ProductName":"non proident, sunt i","SupplierId":null,"CategoryId":7,"QuantityPerUnit":"est laborum.","UnitPrice":10.0000,"UnitsInStock":null,"UnitsOnOrder":null,"ReorderLevel":null,"Discontinued":false},"Qunatity":1}],"CartId":0,"Total":10.0000,"Lines":[{"Product":{"Category":null,"ProductId":1,"ProductName":"non proident, sunt i","SupplierId":null,"CategoryId":7,"QuantityPerUnit":"est laborum.","UnitPrice":10.0000,"UnitsInStock":null,"UnitsOnOrder":null,"ReorderLevel":null,"Discontinued":false},"Qunatity":1}]}')
,('{"_cartLines":[{"Product":{"Category":null,"ProductId":1,"ProductName":"non proident, sunt i","SupplierId":null,"CategoryId":7,"QuantityPerUnit":"est laborum.","UnitPrice":10.0000,"UnitsInStock":null,"UnitsOnOrder":null,"ReorderLevel":null,"Discontinued":false},"Qunatity":1},{"Product":{"Category":null,"ProductId":2,"ProductName":"aute irure dolor i","SupplierId":null,"CategoryId":11,"QuantityPerUnit":"officia deserunt ","UnitPrice":17.0000,"UnitsInStock":3766,"UnitsOnOrder":2,"ReorderLevel":2,"Discontinued":true},"Qunatity":1},{"Product":{"Category":null,"ProductId":4,"ProductName":"s","SupplierId":null,"CategoryId":10,"QuantityPerUnit":"velit","UnitPrice":31.0000,"UnitsInStock":28416,"UnitsOnOrder":4,"ReorderLevel":4,"Discontinued":true},"Qunatity":1}],"CartId":0,"Total":58.0000,"Lines":[{"Product":{"Category":null,"ProductId":1,"ProductName":"non proident, sunt i","SupplierId":null,"CategoryId":7,"QuantityPerUnit":"est laborum.","UnitPrice":10.0000,"UnitsInStock":null,"UnitsOnOrder":null,"ReorderLevel":null,"Discontinued":false},"Qunatity":1},{"Product":{"Category":null,"ProductId":2,"ProductName":"aute irure dolor i","SupplierId":null,"CategoryId":11,"QuantityPerUnit":"officia deserunt ","UnitPrice":17.0000,"UnitsInStock":3766,"UnitsOnOrder":2,"ReorderLevel":2,"Discontinued":true},"Qunatity":1},{"Product":{"Category":null,"ProductId":4,"ProductName":"s","SupplierId":null,"CategoryId":10,"QuantityPerUnit":"velit","UnitPrice":31.0000,"UnitsInStock":28416,"UnitsOnOrder":4,"ReorderLevel":4,"Discontinued":true},"Qunatity":1}]}')
,('{"_cartLines":[{"Product":{"Category":null,"ProductId":1,"ProductName":"non proident, sunt i","SupplierId":null,"CategoryId":7,"QuantityPerUnit":"est laborum.","UnitPrice":10.0000,"UnitsInStock":null,"UnitsOnOrder":null,"ReorderLevel":null,"Discontinued":false},"Qunatity":1},{"Product":{"Category":null,"ProductId":2,"ProductName":"aute irure dolor i","SupplierId":null,"CategoryId":11,"QuantityPerUnit":"officia deserunt ","UnitPrice":17.0000,"UnitsInStock":3766,"UnitsOnOrder":2,"ReorderLevel":2,"Discontinued":true},"Qunatity":1},{"Product":{"Category":null,"ProductId":4,"ProductName":"s","SupplierId":null,"CategoryId":10,"QuantityPerUnit":"velit","UnitPrice":31.0000,"UnitsInStock":28416,"UnitsOnOrder":4,"ReorderLevel":4,"Discontinued":true},"Qunatity":1}],"CartId":0,"Total":58.0000,"Lines":[{"Product":{"Category":null,"ProductId":1,"ProductName":"non proident, sunt i","SupplierId":null,"CategoryId":7,"QuantityPerUnit":"est laborum.","UnitPrice":10.0000,"UnitsInStock":null,"UnitsOnOrder":null,"ReorderLevel":null,"Discontinued":false},"Qunatity":1},{"Product":{"Category":null,"ProductId":2,"ProductName":"aute irure dolor i","SupplierId":null,"CategoryId":11,"QuantityPerUnit":"officia deserunt ","UnitPrice":17.0000,"UnitsInStock":3766,"UnitsOnOrder":2,"ReorderLevel":2,"Discontinued":true},"Qunatity":1},{"Product":{"Category":null,"ProductId":4,"ProductName":"s","SupplierId":null,"CategoryId":10,"QuantityPerUnit":"velit","UnitPrice":31.0000,"UnitsInStock":28416,"UnitsOnOrder":4,"ReorderLevel":4,"Discontinued":true},"Qunatity":1}]}')
,('{"_cartLines":[{"Product":{"Category":null,"ProductId":1,"ProductName":"non proident, sunt i","SupplierId":null,"CategoryId":7,"QuantityPerUnit":"est laborum.","UnitPrice":10.0000,"UnitsInStock":null,"UnitsOnOrder":null,"ReorderLevel":null,"Discontinued":false},"Qunatity":1}],"CartId":0,"Total":10.0000,"Lines":[{"Product":{"Category":null,"ProductId":1,"ProductName":"non proident, sunt i","SupplierId":null,"CategoryId":7,"QuantityPerUnit":"est laborum.","UnitPrice":10.0000,"UnitsInStock":null,"UnitsOnOrder":null,"ReorderLevel":null,"Discontinued":false},"Qunatity":1}]}')
,('{"CartId":0,"Total":38.0000,"Lines":[{"Product":{"Category":null,"ProductId":5,"ProductName":"do eiusmod tempor incidi","SupplierId":null,"CategoryId":4,"QuantityPerUnit":"nisi ut aliquip ex e","UnitPrice":38.0000,"UnitsInStock":24431,"UnitsOnOrder":5,"ReorderLevel":5,"Discontinued":true},"Qunatity":1}]}')
;
INSERT INTO Northwind.dbo.Carts (CartList) VALUES 
('{"CartId":0,"Total":1142.0000,"Lines":[{"Product":{"Category":null,"ProductId":22,"ProductName":"aliqua","SupplierId":null,"CategoryId":4,"QuantityPerUnit":"Excepteur s","UnitPrice":157.0000,"UnitsInStock":28481,"UnitsOnOrder":22,"ReorderLevel":22,"Discontinued":true},"Qunatity":1},{"Product":{"Category":null,"ProductId":23,"ProductName":"in reprehenderit in volu","SupplierId":null,"CategoryId":4,"QuantityPerUnit":"aborum.Lorem ips","UnitPrice":164.0000,"UnitsInStock":8401,"UnitsOnOrder":23,"ReorderLevel":23,"Discontinued":true},"Qunatity":1},{"Product":{"Category":null,"ProductId":27,"ProductName":"Excepteur sint occaecat cupida","SupplierId":null,"CategoryId":4,"QuantityPerUnit":"sint","UnitPrice":192.0000,"UnitsInStock":8785,"UnitsOnOrder":27,"ReorderLevel":27,"Discontinued":true},"Qunatity":1},{"Product":{"Category":null,"ProductId":49,"ProductName":"laboris ","SupplierId":null,"CategoryId":4,"QuantityPerUnit":"aute irure ","UnitPrice":346.0000,"UnitsInStock":32289,"UnitsOnOrder":49,"ReorderLevel":49,"Discontinued":true},"Qunatity":1},{"Product":{"Category":null,"ProductId":40,"ProductName":"magna aliqua. Ut enim ad minim veni","SupplierId":null,"CategoryId":4,"QuantityPerUnit":"sunt in culpa qu","UnitPrice":283.0000,"UnitsInStock":30133,"UnitsOnOrder":40,"ReorderLevel":40,"Discontinued":true},"Qunatity":1}]}')
,('{"CartId":0,"Total":1315.0000,"Lines":[{"Product":{"Category":null,"ProductId":90,"ProductName":"et ","SupplierId":null,"CategoryId":6,"QuantityPerUnit":"sed do eiusmod tem","UnitPrice":633.0000,"UnitsInStock":2203,"UnitsOnOrder":90,"ReorderLevel":90,"Discontinued":true},"Qunatity":1},{"Product":{"Category":null,"ProductId":97,"ProductName":"quis nostrud exercitation ","SupplierId":null,"CategoryId":6,"QuantityPerUnit":"ut labore et do","UnitPrice":682.0000,"UnitsInStock":2787,"UnitsOnOrder":97,"ReorderLevel":97,"Discontinued":true},"Qunatity":1}]}')
,('{"CartId":0,"Total":37.0000,"Lines":[{"Product":{"Category":null,"ProductId":1,"ProductName":"non proident, sunt i","SupplierId":null,"CategoryId":7,"QuantityPerUnit":"est laborum.","UnitPrice":10.0000,"UnitsInStock":null,"UnitsOnOrder":null,"ReorderLevel":null,"Discontinued":false},"Qunatity":2},{"Product":{"Category":null,"ProductId":2,"ProductName":"aute irure dolor i","SupplierId":null,"CategoryId":11,"QuantityPerUnit":"officia deserunt ","UnitPrice":17.0000,"UnitsInStock":3766,"UnitsOnOrder":2,"ReorderLevel":2,"Discontinued":true},"Qunatity":1}]}')
,('{"CartId":0,"Total":41.0000,"Lines":[{"Product":{"Category":null,"ProductId":1,"ProductName":"non proident, sunt i","SupplierId":null,"CategoryId":8,"QuantityPerUnit":"est laborum.","UnitPrice":10.0000,"UnitsInStock":null,"UnitsOnOrder":null,"ReorderLevel":null,"Discontinued":false},"Qunatity":1},{"Product":{"Category":null,"ProductId":4,"ProductName":"s","SupplierId":null,"CategoryId":10,"QuantityPerUnit":"velit","UnitPrice":31.0000,"UnitsInStock":28416,"UnitsOnOrder":4,"ReorderLevel":4,"Discontinued":true},"Qunatity":1}]}')
,('{"CartId":0,"Total":0.0,"Lines":[]}')
;INSERT INTO Northwind.dbo.Categories (CategoryName,Description,Picture) VALUES 
('Beverages','Soft drinks, coffees, teas, beers, and ales',NULL)
,('Condiments','Sweet and savory sauces, relishes, spreads, and seasonings',NULL)
,('Confections','Desserts, candies, and sweet breads',NULL)
,('Dairy Products','Cheeses',NULL)
,('Grains/Cereals','Breads, crackers, pasta, and cereal',NULL)
,('Meat/Poultry','Prepared meats',NULL)
,('Produce','Dried fruit and bean curd',NULL)
,('Seafood','Seaweed and fish',NULL)
;INSERT INTO Northwind.dbo.OrderDetails (ShippingDetailId,UserId,CartId,OrderDate,IsCompleted) VALUES 
(1,1,1,'2019-05-15 01:16:46.140',0)
,(2,1,2,'2019-05-15 18:39:06.180',0)
,(3,1,3,'2019-05-16 00:24:56.457',0)
,(4,1,4,'2019-05-16 01:02:08.683',0)
,(5,1,5,'2019-05-16 14:45:51.397',0)
,(6,1,6,'2019-05-16 22:27:24.790',0)
,(7,1,7,'2019-05-16 22:32:18.957',0)
,(8,1,8,'2019-05-16 23:19:27.873',0)
,(9,1,9,'2019-05-16 23:26:48.250',0)
,(10,1,10,'2019-05-16 23:37:48.677',0)
;
INSERT INTO Northwind.dbo.OrderDetails (ShippingDetailId,UserId,CartId,OrderDate,IsCompleted) VALUES 
(11,1,11,'2019-05-17 00:05:12.163',0)
,(12,1,12,'2019-05-17 00:41:44.860',0)
,(13,4,13,'2019-05-17 01:29:39.697',0)
,(14,1,14,'2019-05-24 18:52:19.807',0)
,(15,1,15,'2019-05-24 19:18:14.530',0)
;INSERT INTO Northwind.dbo.Products (ProductName,SupplierId,CategoryId,QuantityPerUnit,UnitPrice,UnitsInStock,UnitsOnOrder,ReorderLevel,Discontinued) VALUES 
('non proident, sunt i',NULL,8,'est laborum.',10.0000,NULL,NULL,NULL,0)
,('s',NULL,10,'velit',31.0000,28416,4,4,1)
,('do eiusmod tempor incidi',NULL,4,'nisi ut aliquip ex e',38.0000,NULL,NULL,NULL,0)
,('dolore magna aliqua. ',NULL,6,'mollit anim ',45.0000,6771,6,6,1)
,('Excepteur sint o',NULL,9,'et dolore magn',52.0000,25401,7,7,1)
,('dolor s',NULL,10,'d',59.0000,32618,8,8,1)
,('anim id est laborum.Lorem ipsum do',NULL,5,'ea commodo consequ',66.0000,19193,9,9,1)
,('q',NULL,6,'mollit anim id ',73.0000,31898,10,10,1)
,('dolore eu fugiat nulla pariatur',NULL,5,'ut',80.0000,22883,11,11,1)
,('adipiscing elit, sed do eiusmod tempo',NULL,10,'laboris nisi u',94.0000,NULL,NULL,NULL,0)
;
INSERT INTO Northwind.dbo.Products (ProductName,SupplierId,CategoryId,QuantityPerUnit,UnitPrice,UnitsInStock,UnitsOnOrder,ReorderLevel,Discontinued) VALUES 
('culpa qui officia d',NULL,5,'tempor incidi',101.0000,19791,14,14,1)
,('Duis aute irure dolor i',NULL,8,'velit esse ',108.0000,11431,15,15,1)
,('ullamco laboris nisi ut aliquip ex ea co',NULL,11,'r',115.0000,14818,16,16,1)
,('nisi ut aliquip ex ea co',NULL,9,'velit',122.0000,4011,17,17,1)
,('anim id est lab',NULL,5,'au',129.0000,30384,18,18,1)
,('tempor incididunt ut labore et',NULL,11,'adipiscing',136.0000,17524,19,19,1)
,('eiusm',NULL,7,'proident, s',143.0000,6729,20,20,1)
,('aute irure dolor in reprehe',NULL,7,'irure d',150.0000,9069,21,21,1)
,('aliqua',NULL,4,'Excepteur s',157.0000,28481,22,22,1)
,('in reprehenderit in volu',NULL,4,'aborum.Lorem ips',164.0000,8401,23,23,1)
;
INSERT INTO Northwind.dbo.Products (ProductName,SupplierId,CategoryId,QuantityPerUnit,UnitPrice,UnitsInStock,UnitsOnOrder,ReorderLevel,Discontinued) VALUES 
('irure dolor in reprehender',NULL,11,'Excep',171.0000,5127,24,24,1)
,('et',NULL,7,'s',178.0000,10849,25,25,1)
,('pariatur. Excepteur s',NULL,11,'ut labore et dolore ',185.0000,23976,26,26,1)
,('Excepteur sint occaecat cupida',NULL,4,'sint',192.0000,8785,27,27,1)
,('ipsum dolor s',NULL,8,'eiusmod tempor in',199.0000,16891,28,28,1)
,('ex ea commodo co',NULL,7,'deserunt',206.0000,4068,29,29,1)
,('pari',NULL,11,'anim',213.0000,26229,30,30,1)
,('minim veniam, quis nostrud exercitation',NULL,7,'aute irure dolor in',220.0000,26921,31,31,1)
,('nisi ut aliquip ex ea ',NULL,11,'sint occaecat',227.0000,20077,32,32,1)
,('Excepteur sint occaec',NULL,8,'eiusmod tem',234.0000,26758,33,33,1)
;
INSERT INTO Northwind.dbo.Products (ProductName,SupplierId,CategoryId,QuantityPerUnit,UnitPrice,UnitsInStock,UnitsOnOrder,ReorderLevel,Discontinued) VALUES 
('exercitation ullamco laboris',NULL,5,'velit e',241.0000,1101,34,34,1)
,('ut',NULL,4,'non pro',248.0000,13258,35,35,1)
,('aliqua. Ut enim ad minim venia',NULL,5,'ipsum dolor sit am',255.0000,32421,36,36,1)
,('laboris nisi ut aliquip ex ea commodo co',NULL,9,'officia deserunt',262.0000,12710,37,37,1)
,('elit, se',NULL,8,'qui officia des',269.0000,27401,38,38,1)
,('nulla pari',NULL,5,'quis nostrud exe',276.0000,17814,39,39,1)
,('magna aliqua. Ut enim ad minim veni',NULL,4,'sunt in culpa qu',283.0000,30133,40,40,1)
,('ea commodo co',NULL,5,'do eiusmod t',290.0000,18775,41,41,1)
,('sed do eiusmod tempo',NULL,6,'anim id est lab',297.0000,5713,42,42,1)
,('occaecat',NULL,8,'s',304.0000,32292,43,43,1)
;
INSERT INTO Northwind.dbo.Products (ProductName,SupplierId,CategoryId,QuantityPerUnit,UnitPrice,UnitsInStock,UnitsOnOrder,ReorderLevel,Discontinued) VALUES 
('reprehenderit in voluptate',NULL,6,'qui',311.0000,24312,44,44,1)
,('sed do eiusmod tempor incididunt',NULL,8,'est laborum.L',318.0000,22310,45,45,1)
,('e',NULL,10,'sunt in cu',325.0000,17435,46,46,1)
,('non proident, sunt in culpa ',NULL,10,'aliqua. Ut enim',332.0000,27028,47,47,1)
,('magna aliqu',NULL,10,'enim ad',339.0000,20666,48,48,1)
,('laboris ',NULL,4,'aute irure ',346.0000,32289,49,49,1)
,('Ut enim ad min',NULL,10,'incididunt ut lab',353.0000,15270,50,50,1)
,('cillum dolore eu fugiat nulla pariatu',NULL,9,'t',360.0000,12922,51,51,1)
,('i',NULL,9,'occaecat cupidata',367.0000,22435,52,52,1)
,('deserunt mollit anim',NULL,5,'proiden',374.0000,20668,53,53,1)
;
INSERT INTO Northwind.dbo.Products (ProductName,SupplierId,CategoryId,QuantityPerUnit,UnitPrice,UnitsInStock,UnitsOnOrder,ReorderLevel,Discontinued) VALUES 
('consequat. Duis aute irure dolor in repr',NULL,10,'cillum dolor',381.0000,24927,54,54,1)
,('voluptate v',NULL,7,'nu',388.0000,32213,55,55,1)
,('sint oc',NULL,9,'veli',395.0000,15168,56,56,1)
,('dolor sit amet, consectetur adipi',NULL,4,'sint occaecat',402.0000,7940,57,57,1)
,('et dolore magna al',NULL,7,'aute irure d',409.0000,14405,58,58,1)
,('lab',NULL,10,'ex ea commodo cons',416.0000,22942,59,59,1)
,('non proident, sunt ',NULL,6,'amet, consectetur',423.0000,11341,60,60,1)
,('nisi ut aliquip ex ea com',NULL,11,'nisi ut aliquip',430.0000,22433,61,61,1)
,('tempo',NULL,6,'Duis',437.0000,4396,62,62,1)
,('ut labore et dolore magna aliqua. ',NULL,10,'cupidatat non',444.0000,1636,63,63,1)
;
INSERT INTO Northwind.dbo.Products (ProductName,SupplierId,CategoryId,QuantityPerUnit,UnitPrice,UnitsInStock,UnitsOnOrder,ReorderLevel,Discontinued) VALUES 
('Duis aute iru',NULL,10,'Du',451.0000,11560,64,64,1)
,('irure dolor in repre',NULL,9,'adipiscing elit',458.0000,21554,65,65,1)
,('eu fugiat nulla pariatur.',NULL,11,'pr',465.0000,18566,66,66,1)
,('labore et',NULL,5,'in repreh',472.0000,1147,67,67,1)
,('anim id est laborum.Lorem',NULL,11,'cillum dolore eu ',479.0000,9471,68,68,1)
,('sunt in culpa qui officia d',NULL,4,'et dolore magna aliq',486.0000,2420,69,69,1)
,('laboris nisi ut aliquip e',NULL,11,'la',493.0000,4879,70,70,1)
,('anim id est laborum.Lorem ipsum dolor s',NULL,7,'esse cillum',500.0000,27969,71,71,1)
,('ex ea commodo consequat.',NULL,10,'in reprehender',507.0000,11811,72,72,1)
,('adipiscing elit, sed do eiusmod',NULL,6,'quis nostrud exer',514.0000,13239,73,73,1)
;
INSERT INTO Northwind.dbo.Products (ProductName,SupplierId,CategoryId,QuantityPerUnit,UnitPrice,UnitsInStock,UnitsOnOrder,ReorderLevel,Discontinued) VALUES 
('in voluptat',NULL,11,'incididunt ut labore',521.0000,31215,74,74,1)
,('Excepteur sint occaecat cu',NULL,4,'ut labore et d',528.0000,16626,75,75,1)
,('incididunt ut labore et dolore magn',NULL,6,'i',535.0000,20507,76,76,1)
,('adipiscing elit, sed do eiusmod tempor',NULL,6,'in culpa qui offi',542.0000,14390,77,77,1)
,('exercitation ullamco laboris ',NULL,11,'.Lorem ipsum dol',549.0000,18136,78,78,1)
,('dolor in reprehenderit in voluptate ve',NULL,9,'ad',556.0000,29065,79,79,1)
,('velit esse cillum dolore eu fugiat nulla',NULL,7,'non proident, sunt i',563.0000,30174,80,80,1)
,('ad minim veniam, quis ',NULL,10,'veniam, quis',570.0000,5039,81,81,1)
,('proident, sunt in',NULL,11,'Ut enim ad mi',577.0000,16517,82,82,1)
,('Ut ',NULL,5,'Duis aute irur',584.0000,4928,83,83,1)
;
INSERT INTO Northwind.dbo.Products (ProductName,SupplierId,CategoryId,QuantityPerUnit,UnitPrice,UnitsInStock,UnitsOnOrder,ReorderLevel,Discontinued) VALUES 
('ut labore et dolore magna ',NULL,11,'ut labore et d',591.0000,4297,84,84,1)
,('ea commodo conse',NULL,8,'et d',598.0000,20178,85,85,1)
,('officia deserunt ',NULL,9,'in volupta',605.0000,14389,86,86,1)
,('nulla pariatur. Excepteur ',NULL,10,'Ut enim ad mini',612.0000,15123,87,87,1)
,('incididunt ut labore',NULL,9,'veniam, qu',619.0000,30904,88,88,1)
,('pariatur. Excepteur s',NULL,9,'U',626.0000,4366,89,89,1)
,('et ',NULL,6,'sed do eiusmod tem',633.0000,2203,90,90,1)
,('dolore eu fugiat nulla pariatur.',NULL,11,'aliquip ex',640.0000,13278,91,91,1)
,('ut aliquip ex ',NULL,8,'mollit a',647.0000,14823,92,92,1)
,('fugiat nulla',NULL,4,'ex',654.0000,2586,93,93,1)
;
INSERT INTO Northwind.dbo.Products (ProductName,SupplierId,CategoryId,QuantityPerUnit,UnitPrice,UnitsInStock,UnitsOnOrder,ReorderLevel,Discontinued) VALUES 
('eu fugiat nulla paria',NULL,4,'ut la',661.0000,18103,94,94,1)
,('do',NULL,8,'sed do eiusmo',668.0000,21134,95,95,1)
,('Ut enim ad minim veniam, quis nostrud ',NULL,9,'proident, sunt ',675.0000,8431,96,96,1)
,('quis nostrud exercitation ',NULL,6,'ut labore et do',682.0000,2787,97,97,1)
,('tempor in',NULL,11,'in repr',689.0000,1319,98,98,1)
,('consequat. Duis aute irure dolor in rep',NULL,9,'su',696.0000,20959,99,99,1)
,('Son',NULL,11,'dolor si',703.0000,NULL,NULL,NULL,0)
,('En son',NULL,10,'dolor si',158.5500,NULL,NULL,NULL,0)
,('sonn',NULL,8,'10 boxes x 20 bags',15.5880,NULL,NULL,NULL,0)
;INSERT INTO Northwind.dbo.Roles (RoleName) VALUES 
('Admin')
,('Editor')
,('Student')
;INSERT INTO Northwind.dbo.ShippingDetails (Name,Address1,Address2,City,Country,IsGift) VALUES 
('Admin','Admin','Address','City','Country',0)
,('1','miami urfa mezre','miami urfa mezre','urfa','Türkiye',0)
,('1','dasd','asda','asdad','asdasd',0)
,('1','miami urfa mezre','miami urfa mezre','urfa','Türkiye',0)
,('1','miami urfa mezre','miami urfa mezre','urfa','Türkiye',0)
,('1','miami urfa mezre','miami urfa mezre','urfa','Türkiye',0)
,('1','miami urfa mezre','miami urfa mezre','urfa','Türkiye',0)
,('1','miami urfa mezre','miami urfa mezre','urfa','Türkiye',0)
,('1','miami urfa mezre','miami urfa mezre','urfa','Türkiye',0)
,('1','miami urfa mezre','miami urfa mezre','urfa','Türkiye',0)
;
INSERT INTO Northwind.dbo.ShippingDetails (Name,Address1,Address2,City,Country,IsGift) VALUES 
('1','miami urfa mezre','miami urfa mezre','urfa','Türkiye',0)
,('1','miami urfa mezre','miami urfa mezre','urfa','Türkiye',0)
,('1','miami urfa mezre','miami urfa mezre','urfa','Türkiye',0)
,('1','miami urfa mezre','miami urfa mezre','urfa','Türkiye',0)
,('Admin Admin','Adress','adress 2','şanlıurfa','Türkiye',1)
;INSERT INTO Northwind.dbo.UserRoles (UserId,RoleId) VALUES 
(1,1),(4,2),(5,2),(6,3),(7,3),(8,3);

INSERT INTO Northwind.dbo.Users (UserName,Hashword,FirstName,LastName,Email) VALUES 
('Admin','9C1AC8DDA7DCD059CC8A1E9ED31C83587C8613A2BFAD72AFB17F9A775611604E140FD138F69B30D9804482DCEC40771E6B25DC94C8108BF283B84D446BF01CAA','Admin','golden','Admin@gmail.com')
,('Student','9C1AC8DDA7DCD059CC8A1E9ED31C83587C8613A2BFAD72AFB17F9A775611604E140FD138F69B30D9804482DCEC40771E6B25DC94C8108BF283B84D446BF01CAA','Student','Setundet','Stundet@stundet.com')
,('Editor','9C1AC8DDA7DCD059CC8A1E9ED31C83587C8613A2BFAD72AFB17F9A775611604E140FD138F69B30D9804482DCEC40771E6B25DC94C8108BF283B84D446BF01CAA','Edtior','Editor','Editor@Editor.com')
,('User','9C1AC8DDA7DCD059CC8A1E9ED31C83587C8613A2BFAD72AFB17F9A775611604E140FD138F69B30D9804482DCEC40771E6B25DC94C8108BF283B84D446BF01CAA','User','User','USer@User.com')
,('Student2','9C1AC8DDA7DCD059CC8A1E9ED31C83587C8613A2BFAD72AFB17F9A775611604E140FD138F69B30D9804482DCEC40771E6B25DC94C8108BF283B84D446BF01CAA','Stundet2','sdsd','asdas@ccc.pvf')
,('Student3','9C1AC8DDA7DCD059CC8A1E9ED31C83587C8613A2BFAD72AFB17F9A775611604E140FD138F69B30D9804482DCEC40771E6B25DC94C8108BF283B84D446BF01CAA','123456','123456','asfdsa@ggo.com')
,('Editor2','9C1AC8DDA7DCD059CC8A1E9ED31C83587C8613A2BFAD72AFB17F9A775611604E140FD138F69B30D9804482DCEC40771E6B25DC94C8108BF283B84D446BF01CAA','123456','123456','23@dfdd.com')
,('Editor5','9C1AC8DDA7DCD059CC8A1E9ED31C83587C8613A2BFAD72AFB17F9A775611604E140FD138F69B30D9804482DCEC40771E6B25DC94C8108BF283B84D446BF01CAA','123456','golden','555@ccc.com')
;